{"cameraMode":{"drawMode":0,"name":"Shaded","section":"Shading Mode"},"sceneLighting":true,"audioPlay":false,"sceneViewState":{"m_AlwaysRefresh":false,"showFog":true,"showSkybox":true,"showFlares":true,"showImageEffects":true,"showParticleSystems":true,"showVisualEffectGraphs":true,"m_FxEnabled":true},"in2DMode":false,"pivot":{"x":-1.5904545783996583,"y":2.123786449432373,"z":10.695756912231446},"rotation":{"x":0.05576254427433014,"y":-0.025462521240115167,"z":0.0014215823030099273,"w":0.9981263875961304},"size":13.548565864562989,"orthographic":false}